-- MySQL dump 10.13  Distrib 8.0.44, for Win64 (x86_64)
--
-- Host: 127.0.0.1    Database: kultur_sanat_db
-- ------------------------------------------------------
-- Server version	8.0.44

/*!40101 SET @OLD_CHARACTER_SET_CLIENT=@@CHARACTER_SET_CLIENT */;
/*!40101 SET @OLD_CHARACTER_SET_RESULTS=@@CHARACTER_SET_RESULTS */;
/*!40101 SET @OLD_COLLATION_CONNECTION=@@COLLATION_CONNECTION */;
/*!50503 SET NAMES utf8 */;
/*!40103 SET @OLD_TIME_ZONE=@@TIME_ZONE */;
/*!40103 SET TIME_ZONE='+00:00' */;
/*!40014 SET @OLD_UNIQUE_CHECKS=@@UNIQUE_CHECKS, UNIQUE_CHECKS=0 */;
/*!40014 SET @OLD_FOREIGN_KEY_CHECKS=@@FOREIGN_KEY_CHECKS, FOREIGN_KEY_CHECKS=0 */;
/*!40101 SET @OLD_SQL_MODE=@@SQL_MODE, SQL_MODE='NO_AUTO_VALUE_ON_ZERO' */;
/*!40111 SET @OLD_SQL_NOTES=@@SQL_NOTES, SQL_NOTES=0 */;

--
-- Table structure for table `bilet`
--

DROP TABLE IF EXISTS `bilet`;
/*!40101 SET @saved_cs_client     = @@character_set_client */;
/*!50503 SET character_set_client = utf8mb4 */;
CREATE TABLE `bilet` (
  `BiletID` int NOT NULL AUTO_INCREMENT,
  `BiletTuru` varchar(50) NOT NULL,
  `Fiyat` decimal(10,2) NOT NULL,
  `Durum` varchar(30) DEFAULT 'Aktif',
  `MusteriID` int DEFAULT NULL,
  `OrganizasyonID` int NOT NULL,
  `KoltukID` int DEFAULT NULL,
  PRIMARY KEY (`BiletID`),
  UNIQUE KEY `KoltukID` (`KoltukID`),
  KEY `MusteriID` (`MusteriID`),
  KEY `OrganizasyonID` (`OrganizasyonID`),
  CONSTRAINT `bilet_ibfk_1` FOREIGN KEY (`MusteriID`) REFERENCES `musteri` (`MusteriID`) ON DELETE SET NULL ON UPDATE CASCADE,
  CONSTRAINT `bilet_ibfk_2` FOREIGN KEY (`OrganizasyonID`) REFERENCES `organizasyon` (`OrganizasyonID`) ON DELETE CASCADE ON UPDATE CASCADE,
  CONSTRAINT `bilet_ibfk_3` FOREIGN KEY (`KoltukID`) REFERENCES `koltuk` (`KoltukID`) ON DELETE CASCADE ON UPDATE CASCADE,
  CONSTRAINT `bilet_chk_1` CHECK ((`Fiyat` > 0))
) ENGINE=InnoDB AUTO_INCREMENT=9 DEFAULT CHARSET=utf8mb4 COLLATE=utf8mb4_0900_ai_ci;
/*!40101 SET character_set_client = @saved_cs_client */;

--
-- Dumping data for table `bilet`
--

LOCK TABLES `bilet` WRITE;
/*!40000 ALTER TABLE `bilet` DISABLE KEYS */;
INSERT INTO `bilet` VALUES (5,'Normal',1500.00,'Aktif',1,6,1),(7,'VIP',3000.00,'Aktif',1,6,5),(8,'VIP',3000.00,'Aktif',1,6,24);
/*!40000 ALTER TABLE `bilet` ENABLE KEYS */;
UNLOCK TABLES;

--
-- Table structure for table `biletfiyat`
--

DROP TABLE IF EXISTS `biletfiyat`;
/*!40101 SET @saved_cs_client     = @@character_set_client */;
/*!50503 SET character_set_client = utf8mb4 */;
CREATE TABLE `biletfiyat` (
  `FiyatID` int NOT NULL AUTO_INCREMENT,
  `OrganizasyonID` int NOT NULL,
  `BiletTuru` varchar(50) NOT NULL,
  `Fiyat` decimal(10,2) NOT NULL,
  PRIMARY KEY (`FiyatID`),
  KEY `OrganizasyonID` (`OrganizasyonID`),
  CONSTRAINT `biletfiyat_ibfk_1` FOREIGN KEY (`OrganizasyonID`) REFERENCES `organizasyon` (`OrganizasyonID`) ON DELETE CASCADE ON UPDATE CASCADE
) ENGINE=InnoDB AUTO_INCREMENT=22 DEFAULT CHARSET=utf8mb4 COLLATE=utf8mb4_0900_ai_ci;
/*!40101 SET character_set_client = @saved_cs_client */;

--
-- Dumping data for table `biletfiyat`
--

LOCK TABLES `biletfiyat` WRITE;
/*!40000 ALTER TABLE `biletfiyat` DISABLE KEYS */;
INSERT INTO `biletfiyat` VALUES (10,6,'VIP',3000.00),(11,6,'Normal',1500.00),(12,6,'Öğrenci',1000.00),(16,8,'VIP',3000.00),(17,8,'Normal',2000.00),(18,8,'Öğrenci',1500.00),(19,9,'VIP',1000.00),(20,9,'Normal',750.00),(21,9,'Öğrenci',500.00);
/*!40000 ALTER TABLE `biletfiyat` ENABLE KEYS */;
UNLOCK TABLES;

--
-- Table structure for table `iade`
--

DROP TABLE IF EXISTS `iade`;
/*!40101 SET @saved_cs_client     = @@character_set_client */;
/*!50503 SET character_set_client = utf8mb4 */;
CREATE TABLE `iade` (
  `IadeID` int NOT NULL AUTO_INCREMENT,
  `IadeTarihi` datetime DEFAULT CURRENT_TIMESTAMP,
  `IadeDurumu` varchar(50) DEFAULT 'Beklemede',
  `BiletID` int DEFAULT NULL,
  PRIMARY KEY (`IadeID`),
  UNIQUE KEY `BiletID` (`BiletID`),
  CONSTRAINT `iade_ibfk_1` FOREIGN KEY (`BiletID`) REFERENCES `bilet` (`BiletID`) ON DELETE CASCADE ON UPDATE CASCADE
) ENGINE=InnoDB AUTO_INCREMENT=2 DEFAULT CHARSET=utf8mb4 COLLATE=utf8mb4_0900_ai_ci;
/*!40101 SET character_set_client = @saved_cs_client */;

--
-- Dumping data for table `iade`
--

LOCK TABLES `iade` WRITE;
/*!40000 ALTER TABLE `iade` DISABLE KEYS */;
/*!40000 ALTER TABLE `iade` ENABLE KEYS */;
UNLOCK TABLES;

--
-- Table structure for table `koltuk`
--

DROP TABLE IF EXISTS `koltuk`;
/*!40101 SET @saved_cs_client     = @@character_set_client */;
/*!50503 SET character_set_client = utf8mb4 */;
CREATE TABLE `koltuk` (
  `KoltukID` int NOT NULL AUTO_INCREMENT,
  `SiraNo` int NOT NULL,
  `KoltukNo` int NOT NULL,
  `Durum` varchar(20) DEFAULT 'Bos',
  `SalonID` int NOT NULL,
  PRIMARY KEY (`KoltukID`),
  UNIQUE KEY `unique_koltuk` (`SalonID`,`SiraNo`,`KoltukNo`),
  CONSTRAINT `koltuk_ibfk_1` FOREIGN KEY (`SalonID`) REFERENCES `salon` (`SalonID`) ON DELETE CASCADE ON UPDATE CASCADE
) ENGINE=InnoDB AUTO_INCREMENT=1706 DEFAULT CHARSET=utf8mb4 COLLATE=utf8mb4_0900_ai_ci;
/*!40101 SET character_set_client = @saved_cs_client */;

--
-- Dumping data for table `koltuk`
--

LOCK TABLES `koltuk` WRITE;
/*!40000 ALTER TABLE `koltuk` DISABLE KEYS */;
INSERT INTO `koltuk` VALUES (1,1,1,'Dolu',1),(2,1,2,'Dolu',1),(3,1,3,'Dolu',1),(4,2,1,'Dolu',1),(5,2,2,'Dolu',1),(6,1,1,'Bos',7),(7,1,2,'Bos',7),(8,1,3,'Bos',7),(9,1,4,'Bos',7),(10,1,5,'Bos',7),(11,1,6,'Bos',7),(12,1,7,'Bos',7),(13,1,8,'Bos',7),(14,1,9,'Bos',7),(15,1,10,'Bos',7),(16,1,11,'Bos',7),(17,1,12,'Bos',7),(18,1,13,'Bos',7),(19,1,14,'Bos',7),(20,1,15,'Bos',7),(21,1,16,'Bos',7),(22,1,17,'Bos',7),(23,1,18,'Bos',7),(24,1,19,'Dolu',7),(25,1,20,'Bos',7),(26,1,21,'Bos',7),(27,1,22,'Bos',7),(28,1,23,'Bos',7),(29,1,24,'Bos',7),(30,1,25,'Bos',7),(31,1,26,'Bos',7),(32,1,27,'Bos',7),(33,1,28,'Bos',7),(34,1,29,'Bos',7),(35,1,30,'Bos',7),(36,1,31,'Bos',7),(37,1,32,'Bos',7),(38,1,33,'Bos',7),(39,1,34,'Bos',7),(40,1,35,'Bos',7),(41,1,36,'Bos',7),(42,1,37,'Bos',7),(43,1,38,'Bos',7),(44,1,39,'Bos',7),(45,1,40,'Bos',7),(46,1,41,'Bos',7),(47,1,42,'Bos',7),(48,1,43,'Bos',7),(49,1,44,'Bos',7),(50,1,45,'Bos',7),(51,1,46,'Bos',7),(52,1,47,'Bos',7),(53,1,48,'Bos',7),(54,1,49,'Bos',7),(55,1,50,'Bos',7),(56,1,51,'Bos',7),(57,1,52,'Bos',7),(58,1,53,'Bos',7),(59,1,54,'Bos',7),(60,1,55,'Bos',7),(61,1,56,'Bos',7),(62,1,57,'Bos',7),(63,1,58,'Bos',7),(64,1,59,'Bos',7),(65,1,60,'Bos',7),(66,1,61,'Bos',7),(67,1,62,'Bos',7),(68,1,63,'Bos',7),(69,1,64,'Bos',7),(70,1,65,'Bos',7),(71,1,66,'Bos',7),(72,1,67,'Bos',7),(73,1,68,'Bos',7),(74,1,69,'Bos',7),(75,1,70,'Bos',7),(76,1,71,'Bos',7),(77,1,72,'Bos',7),(78,1,73,'Bos',7),(79,1,74,'Bos',7),(80,1,75,'Bos',7),(81,1,76,'Bos',7),(82,1,77,'Bos',7),(83,1,78,'Bos',7),(84,1,79,'Bos',7),(85,1,80,'Bos',7),(86,1,81,'Bos',7),(87,1,82,'Bos',7),(88,1,83,'Bos',7),(89,1,84,'Bos',7),(90,1,85,'Bos',7),(91,1,86,'Bos',7),(92,1,87,'Bos',7),(93,1,88,'Bos',7),(94,1,89,'Bos',7),(95,1,90,'Bos',7),(96,1,91,'Bos',7),(97,1,92,'Bos',7),(98,1,93,'Bos',7),(99,1,94,'Bos',7),(100,1,95,'Bos',7),(101,1,96,'Bos',7),(102,1,97,'Bos',7),(103,1,98,'Bos',7),(104,1,99,'Bos',7),(105,1,100,'Bos',7),(106,1,101,'Bos',7),(107,1,102,'Bos',7),(108,1,103,'Bos',7),(109,1,104,'Bos',7),(110,1,105,'Bos',7),(111,1,106,'Bos',7),(112,1,107,'Bos',7),(113,1,108,'Bos',7),(114,1,109,'Bos',7),(115,1,110,'Bos',7),(116,1,111,'Bos',7),(117,1,112,'Bos',7),(118,1,113,'Bos',7),(119,1,114,'Bos',7),(120,1,115,'Bos',7),(121,1,116,'Bos',7),(122,1,117,'Bos',7),(123,1,118,'Bos',7),(124,1,119,'Bos',7),(125,1,120,'Bos',7),(126,1,121,'Bos',7),(127,1,122,'Bos',7),(128,1,123,'Bos',7),(129,1,124,'Bos',7),(130,1,125,'Bos',7),(131,1,126,'Bos',7),(132,1,127,'Bos',7),(133,1,128,'Bos',7),(134,1,129,'Bos',7),(135,1,130,'Bos',7),(136,1,131,'Bos',7),(137,1,132,'Bos',7),(138,1,133,'Bos',7),(139,1,134,'Bos',7),(140,1,135,'Bos',7),(141,1,136,'Bos',7),(142,1,137,'Bos',7),(143,1,138,'Bos',7),(144,1,139,'Bos',7),(145,1,140,'Bos',7),(146,1,141,'Bos',7),(147,1,142,'Bos',7),(148,1,143,'Bos',7),(149,1,144,'Bos',7),(150,1,145,'Bos',7),(151,1,146,'Bos',7),(152,1,147,'Bos',7),(153,1,148,'Bos',7),(154,1,149,'Bos',7),(155,1,150,'Bos',7),(156,1,151,'Bos',7),(157,1,152,'Bos',7),(158,1,153,'Bos',7),(159,1,154,'Bos',7),(160,1,155,'Bos',7),(161,1,156,'Bos',7),(162,1,157,'Bos',7),(163,1,158,'Bos',7),(164,1,159,'Bos',7),(165,1,160,'Bos',7),(166,1,161,'Bos',7),(167,1,162,'Bos',7),(168,1,163,'Bos',7),(169,1,164,'Bos',7),(170,1,165,'Bos',7),(171,1,166,'Bos',7),(172,1,167,'Bos',7),(173,1,168,'Bos',7),(174,1,169,'Bos',7),(175,1,170,'Bos',7),(176,1,171,'Bos',7),(177,1,172,'Bos',7),(178,1,173,'Bos',7),(179,1,174,'Bos',7),(180,1,175,'Bos',7),(181,1,176,'Bos',7),(182,1,177,'Bos',7),(183,1,178,'Bos',7),(184,1,179,'Bos',7),(185,1,180,'Bos',7),(186,1,181,'Bos',7),(187,1,182,'Bos',7),(188,1,183,'Bos',7),(189,1,184,'Bos',7),(190,1,185,'Bos',7),(191,1,186,'Bos',7),(192,1,187,'Bos',7),(193,1,188,'Bos',7),(194,1,189,'Bos',7),(195,1,190,'Bos',7),(196,1,191,'Bos',7),(197,1,192,'Bos',7),(198,1,193,'Bos',7),(199,1,194,'Bos',7),(200,1,195,'Bos',7),(201,1,196,'Bos',7),(202,1,197,'Bos',7),(203,1,198,'Bos',7),(204,1,199,'Bos',7),(205,1,200,'Bos',7),(206,1,201,'Bos',7),(207,1,202,'Bos',7),(208,1,203,'Bos',7),(209,1,204,'Bos',7),(210,1,205,'Bos',7),(211,1,206,'Bos',7),(212,1,207,'Bos',7),(213,1,208,'Bos',7),(214,1,209,'Bos',7),(215,1,210,'Bos',7),(216,1,211,'Bos',7),(217,1,212,'Bos',7),(218,1,213,'Bos',7),(219,1,214,'Bos',7),(220,1,215,'Bos',7),(221,1,216,'Bos',7),(222,1,217,'Bos',7),(223,1,218,'Bos',7),(224,1,219,'Bos',7),(225,1,220,'Bos',7),(226,1,221,'Bos',7),(227,1,222,'Bos',7),(228,1,223,'Bos',7),(229,1,224,'Bos',7),(230,1,225,'Bos',7),(231,1,226,'Bos',7),(232,1,227,'Bos',7),(233,1,228,'Bos',7),(234,1,229,'Bos',7),(235,1,230,'Bos',7),(236,1,231,'Bos',7),(237,1,232,'Bos',7),(238,1,233,'Bos',7),(239,1,234,'Bos',7),(240,1,235,'Bos',7),(241,1,236,'Bos',7),(242,1,237,'Bos',7),(243,1,238,'Bos',7),(244,1,239,'Bos',7),(245,1,240,'Bos',7),(246,1,241,'Bos',7),(247,1,242,'Bos',7),(248,1,243,'Bos',7),(249,1,244,'Bos',7),(250,1,245,'Bos',7),(251,1,246,'Bos',7),(252,1,247,'Bos',7),(253,1,248,'Bos',7),(254,1,249,'Bos',7),(255,1,250,'Bos',7),(256,1,251,'Bos',7),(257,1,252,'Bos',7),(258,1,253,'Bos',7),(259,1,254,'Bos',7),(260,1,255,'Bos',7),(261,1,256,'Bos',7),(262,1,257,'Bos',7),(263,1,258,'Bos',7),(264,1,259,'Bos',7),(265,1,260,'Bos',7),(266,1,261,'Bos',7),(267,1,262,'Bos',7),(268,1,263,'Bos',7),(269,1,264,'Bos',7),(270,1,265,'Bos',7),(271,1,266,'Bos',7),(272,1,267,'Bos',7),(273,1,268,'Bos',7),(274,1,269,'Bos',7),(275,1,270,'Bos',7),(276,1,271,'Bos',7),(277,1,272,'Bos',7),(278,1,273,'Bos',7),(279,1,274,'Bos',7),(280,1,275,'Bos',7),(281,1,276,'Bos',7),(282,1,277,'Bos',7),(283,1,278,'Bos',7),(284,1,279,'Bos',7),(285,1,280,'Bos',7),(286,1,281,'Bos',7),(287,1,282,'Bos',7),(288,1,283,'Bos',7),(289,1,284,'Bos',7),(290,1,285,'Bos',7),(291,1,286,'Bos',7),(292,1,287,'Bos',7),(293,1,288,'Bos',7),(294,1,289,'Bos',7),(295,1,290,'Bos',7),(296,1,291,'Bos',7),(297,1,292,'Bos',7),(298,1,293,'Bos',7),(299,1,294,'Bos',7),(300,1,295,'Bos',7),(301,1,296,'Bos',7),(302,1,297,'Bos',7),(303,1,298,'Bos',7),(304,1,299,'Bos',7),(305,1,300,'Bos',7),(306,1,301,'Bos',7),(307,1,302,'Bos',7),(308,1,303,'Bos',7),(309,1,304,'Bos',7),(310,1,305,'Bos',7),(311,1,306,'Bos',7),(312,1,307,'Bos',7),(313,1,308,'Bos',7),(314,1,309,'Bos',7),(315,1,310,'Bos',7),(316,1,311,'Bos',7),(317,1,312,'Bos',7),(318,1,313,'Bos',7),(319,1,314,'Bos',7),(320,1,315,'Bos',7),(321,1,316,'Bos',7),(322,1,317,'Bos',7),(323,1,318,'Bos',7),(324,1,319,'Bos',7),(325,1,320,'Bos',7),(326,1,321,'Bos',7),(327,1,322,'Bos',7),(328,1,323,'Bos',7),(329,1,324,'Bos',7),(330,1,325,'Bos',7),(331,1,326,'Bos',7),(332,1,327,'Bos',7),(333,1,328,'Bos',7),(334,1,329,'Bos',7),(335,1,330,'Bos',7),(336,1,331,'Bos',7),(337,1,332,'Bos',7),(338,1,333,'Bos',7),(339,1,334,'Bos',7),(340,1,335,'Bos',7),(341,1,336,'Bos',7),(342,1,337,'Bos',7),(343,1,338,'Bos',7),(344,1,339,'Bos',7),(345,1,340,'Bos',7),(346,1,341,'Bos',7),(347,1,342,'Bos',7),(348,1,343,'Bos',7),(349,1,344,'Bos',7),(350,1,345,'Bos',7),(351,1,346,'Bos',7),(352,1,347,'Bos',7),(353,1,348,'Bos',7),(354,1,349,'Bos',7),(355,1,350,'Bos',7),(356,1,351,'Bos',7),(357,1,352,'Bos',7),(358,1,353,'Bos',7),(359,1,354,'Bos',7),(360,1,355,'Bos',7),(361,1,356,'Bos',7),(362,1,357,'Bos',7),(363,1,358,'Bos',7),(364,1,359,'Bos',7),(365,1,360,'Bos',7),(366,1,361,'Bos',7),(367,1,362,'Bos',7),(368,1,363,'Bos',7),(369,1,364,'Bos',7),(370,1,365,'Bos',7),(371,1,366,'Bos',7),(372,1,367,'Bos',7),(373,1,368,'Bos',7),(374,1,369,'Bos',7),(375,1,370,'Bos',7),(376,1,371,'Bos',7),(377,1,372,'Bos',7),(378,1,373,'Bos',7),(379,1,374,'Bos',7),(380,1,375,'Bos',7),(381,1,376,'Bos',7),(382,1,377,'Bos',7),(383,1,378,'Bos',7),(384,1,379,'Bos',7),(385,1,380,'Bos',7),(386,1,381,'Bos',7),(387,1,382,'Bos',7),(388,1,383,'Bos',7),(389,1,384,'Bos',7),(390,1,385,'Bos',7),(391,1,386,'Bos',7),(392,1,387,'Bos',7),(393,1,388,'Bos',7),(394,1,389,'Bos',7),(395,1,390,'Bos',7),(396,1,391,'Bos',7),(397,1,392,'Bos',7),(398,1,393,'Bos',7),(399,1,394,'Bos',7),(400,1,395,'Bos',7),(401,1,396,'Bos',7),(402,1,397,'Bos',7),(403,1,398,'Bos',7),(404,1,399,'Bos',7),(405,1,400,'Bos',7),(406,1,401,'Bos',7),(407,1,402,'Bos',7),(408,1,403,'Bos',7),(409,1,404,'Bos',7),(410,1,405,'Bos',7),(411,1,406,'Bos',7),(412,1,407,'Bos',7),(413,1,408,'Bos',7),(414,1,409,'Bos',7),(415,1,410,'Bos',7),(416,1,411,'Bos',7),(417,1,412,'Bos',7),(418,1,413,'Bos',7),(419,1,414,'Bos',7),(420,1,415,'Bos',7),(421,1,416,'Bos',7),(422,1,417,'Bos',7),(423,1,418,'Bos',7),(424,1,419,'Bos',7),(425,1,420,'Bos',7),(426,1,421,'Bos',7),(427,1,422,'Bos',7),(428,1,423,'Bos',7),(429,1,424,'Bos',7),(430,1,425,'Bos',7),(431,1,426,'Bos',7),(432,1,427,'Bos',7),(433,1,428,'Bos',7),(434,1,429,'Bos',7),(435,1,430,'Bos',7),(436,1,431,'Bos',7),(437,1,432,'Bos',7),(438,1,433,'Bos',7),(439,1,434,'Bos',7),(440,1,435,'Bos',7),(441,1,436,'Bos',7),(442,1,437,'Bos',7),(443,1,438,'Bos',7),(444,1,439,'Bos',7),(445,1,440,'Bos',7),(446,1,441,'Bos',7),(447,1,442,'Bos',7),(448,1,443,'Bos',7),(449,1,444,'Bos',7),(450,1,445,'Bos',7),(451,1,446,'Bos',7),(452,1,447,'Bos',7),(453,1,448,'Bos',7),(454,1,449,'Bos',7),(455,1,450,'Bos',7),(456,1,451,'Bos',7),(457,1,452,'Bos',7),(458,1,453,'Bos',7),(459,1,454,'Bos',7),(460,1,455,'Bos',7),(461,1,456,'Bos',7),(462,1,457,'Bos',7),(463,1,458,'Bos',7),(464,1,459,'Bos',7),(465,1,460,'Bos',7),(466,1,461,'Bos',7),(467,1,462,'Bos',7),(468,1,463,'Bos',7),(469,1,464,'Bos',7),(470,1,465,'Bos',7),(471,1,466,'Bos',7),(472,1,467,'Bos',7),(473,1,468,'Bos',7),(474,1,469,'Bos',7),(475,1,470,'Bos',7),(476,1,471,'Bos',7),(477,1,472,'Bos',7),(478,1,473,'Bos',7),(479,1,474,'Bos',7),(480,1,475,'Bos',7),(481,1,476,'Bos',7),(482,1,477,'Bos',7),(483,1,478,'Bos',7),(484,1,479,'Bos',7),(485,1,480,'Bos',7),(486,1,481,'Bos',7),(487,1,482,'Bos',7),(488,1,483,'Bos',7),(489,1,484,'Bos',7),(490,1,485,'Bos',7),(491,1,486,'Bos',7),(492,1,487,'Bos',7),(493,1,488,'Bos',7),(494,1,489,'Bos',7),(495,1,490,'Bos',7),(496,1,491,'Bos',7),(497,1,492,'Bos',7),(498,1,493,'Bos',7),(499,1,494,'Bos',7),(500,1,495,'Bos',7),(501,1,496,'Bos',7),(502,1,497,'Bos',7),(503,1,498,'Bos',7),(504,1,499,'Bos',7),(505,1,500,'Bos',7),(506,1,1,'Bos',8),(507,1,2,'Bos',8),(508,1,3,'Bos',8),(509,1,4,'Bos',8),(510,1,5,'Bos',8),(511,1,6,'Bos',8),(512,1,7,'Bos',8),(513,1,8,'Bos',8),(514,1,9,'Bos',8),(515,1,10,'Bos',8),(516,1,11,'Bos',8),(517,1,12,'Bos',8),(518,1,13,'Bos',8),(519,1,14,'Bos',8),(520,1,15,'Bos',8),(521,1,16,'Bos',8),(522,1,17,'Bos',8),(523,1,18,'Bos',8),(524,1,19,'Bos',8),(525,1,20,'Bos',8),(526,1,21,'Bos',8),(527,1,22,'Bos',8),(528,1,23,'Bos',8),(529,1,24,'Bos',8),(530,1,25,'Bos',8),(531,1,26,'Bos',8),(532,1,27,'Bos',8),(533,1,28,'Bos',8),(534,1,29,'Bos',8),(535,1,30,'Bos',8),(536,1,31,'Bos',8),(537,1,32,'Bos',8),(538,1,33,'Bos',8),(539,1,34,'Bos',8),(540,1,35,'Bos',8),(541,1,36,'Bos',8),(542,1,37,'Bos',8),(543,1,38,'Bos',8),(544,1,39,'Bos',8),(545,1,40,'Bos',8),(546,1,41,'Bos',8),(547,1,42,'Bos',8),(548,1,43,'Bos',8),(549,1,44,'Bos',8),(550,1,45,'Bos',8),(551,1,46,'Bos',8),(552,1,47,'Bos',8),(553,1,48,'Bos',8),(554,1,49,'Bos',8),(555,1,50,'Bos',8),(556,1,51,'Bos',8),(557,1,52,'Bos',8),(558,1,53,'Bos',8),(559,1,54,'Bos',8),(560,1,55,'Bos',8),(561,1,56,'Bos',8),(562,1,57,'Bos',8),(563,1,58,'Bos',8),(564,1,59,'Bos',8),(565,1,60,'Bos',8),(566,1,61,'Bos',8),(567,1,62,'Bos',8),(568,1,63,'Bos',8),(569,1,64,'Bos',8),(570,1,65,'Bos',8),(571,1,66,'Bos',8),(572,1,67,'Bos',8),(573,1,68,'Bos',8),(574,1,69,'Bos',8),(575,1,70,'Bos',8),(576,1,71,'Bos',8),(577,1,72,'Bos',8),(578,1,73,'Bos',8),(579,1,74,'Bos',8),(580,1,75,'Bos',8),(581,1,76,'Bos',8),(582,1,77,'Bos',8),(583,1,78,'Bos',8),(584,1,79,'Bos',8),(585,1,80,'Bos',8),(586,1,81,'Bos',8),(587,1,82,'Bos',8),(588,1,83,'Bos',8),(589,1,84,'Bos',8),(590,1,85,'Bos',8),(591,1,86,'Bos',8),(592,1,87,'Bos',8),(593,1,88,'Bos',8),(594,1,89,'Bos',8),(595,1,90,'Bos',8),(596,1,91,'Bos',8),(597,1,92,'Bos',8),(598,1,93,'Bos',8),(599,1,94,'Bos',8),(600,1,95,'Bos',8),(601,1,96,'Bos',8),(602,1,97,'Bos',8),(603,1,98,'Bos',8),(604,1,99,'Bos',8),(605,1,100,'Bos',8),(606,1,101,'Bos',8),(607,1,102,'Bos',8),(608,1,103,'Bos',8),(609,1,104,'Bos',8),(610,1,105,'Bos',8),(611,1,106,'Bos',8),(612,1,107,'Bos',8),(613,1,108,'Bos',8),(614,1,109,'Bos',8),(615,1,110,'Bos',8),(616,1,111,'Bos',8),(617,1,112,'Bos',8),(618,1,113,'Bos',8),(619,1,114,'Bos',8),(620,1,115,'Bos',8),(621,1,116,'Bos',8),(622,1,117,'Bos',8),(623,1,118,'Bos',8),(624,1,119,'Bos',8),(625,1,120,'Bos',8),(626,1,121,'Bos',8),(627,1,122,'Bos',8),(628,1,123,'Bos',8),(629,1,124,'Bos',8),(630,1,125,'Bos',8),(631,1,126,'Bos',8),(632,1,127,'Bos',8),(633,1,128,'Bos',8),(634,1,129,'Bos',8),(635,1,130,'Bos',8),(636,1,131,'Bos',8),(637,1,132,'Bos',8),(638,1,133,'Bos',8),(639,1,134,'Bos',8),(640,1,135,'Bos',8),(641,1,136,'Bos',8),(642,1,137,'Bos',8),(643,1,138,'Bos',8),(644,1,139,'Bos',8),(645,1,140,'Bos',8),(646,1,141,'Bos',8),(647,1,142,'Bos',8),(648,1,143,'Bos',8),(649,1,144,'Bos',8),(650,1,145,'Bos',8),(651,1,146,'Bos',8),(652,1,147,'Bos',8),(653,1,148,'Bos',8),(654,1,149,'Bos',8),(655,1,150,'Bos',8),(656,1,151,'Bos',8),(657,1,152,'Bos',8),(658,1,153,'Bos',8),(659,1,154,'Bos',8),(660,1,155,'Bos',8),(661,1,156,'Bos',8),(662,1,157,'Bos',8),(663,1,158,'Bos',8),(664,1,159,'Bos',8),(665,1,160,'Bos',8),(666,1,161,'Bos',8),(667,1,162,'Bos',8),(668,1,163,'Bos',8),(669,1,164,'Bos',8),(670,1,165,'Bos',8),(671,1,166,'Bos',8),(672,1,167,'Bos',8),(673,1,168,'Bos',8),(674,1,169,'Bos',8),(675,1,170,'Bos',8),(676,1,171,'Bos',8),(677,1,172,'Bos',8),(678,1,173,'Bos',8),(679,1,174,'Bos',8),(680,1,175,'Bos',8),(681,1,176,'Bos',8),(682,1,177,'Bos',8),(683,1,178,'Bos',8),(684,1,179,'Bos',8),(685,1,180,'Bos',8),(686,1,181,'Bos',8),(687,1,182,'Bos',8),(688,1,183,'Bos',8),(689,1,184,'Bos',8),(690,1,185,'Bos',8),(691,1,186,'Bos',8),(692,1,187,'Bos',8),(693,1,188,'Bos',8),(694,1,189,'Bos',8),(695,1,190,'Bos',8),(696,1,191,'Bos',8),(697,1,192,'Bos',8),(698,1,193,'Bos',8),(699,1,194,'Bos',8),(700,1,195,'Bos',8),(701,1,196,'Bos',8),(702,1,197,'Bos',8),(703,1,198,'Bos',8),(704,1,199,'Bos',8),(705,1,200,'Bos',8),(706,1,1,'Bos',9),(707,1,2,'Bos',9),(708,1,3,'Bos',9),(709,1,4,'Bos',9),(710,1,5,'Bos',9),(711,1,6,'Bos',9),(712,1,7,'Bos',9),(713,1,8,'Bos',9),(714,1,9,'Bos',9),(715,1,10,'Bos',9),(716,1,11,'Bos',9),(717,1,12,'Bos',9),(718,1,13,'Bos',9),(719,1,14,'Bos',9),(720,1,15,'Bos',9),(721,1,16,'Bos',9),(722,1,17,'Bos',9),(723,1,18,'Bos',9),(724,1,19,'Bos',9),(725,1,20,'Bos',9),(726,1,21,'Bos',9),(727,1,22,'Bos',9),(728,1,23,'Bos',9),(729,1,24,'Bos',9),(730,1,25,'Bos',9),(731,1,26,'Bos',9),(732,1,27,'Bos',9),(733,1,28,'Bos',9),(734,1,29,'Bos',9),(735,1,30,'Bos',9),(736,1,31,'Bos',9),(737,1,32,'Bos',9),(738,1,33,'Bos',9),(739,1,34,'Bos',9),(740,1,35,'Bos',9),(741,1,36,'Bos',9),(742,1,37,'Bos',9),(743,1,38,'Bos',9),(744,1,39,'Bos',9),(745,1,40,'Bos',9),(746,1,41,'Bos',9),(747,1,42,'Bos',9),(748,1,43,'Bos',9),(749,1,44,'Bos',9),(750,1,45,'Bos',9),(751,1,46,'Bos',9),(752,1,47,'Bos',9),(753,1,48,'Bos',9),(754,1,49,'Bos',9),(755,1,50,'Bos',9),(756,1,51,'Bos',9),(757,1,52,'Bos',9),(758,1,53,'Bos',9),(759,1,54,'Bos',9),(760,1,55,'Bos',9),(761,1,56,'Bos',9),(762,1,57,'Bos',9),(763,1,58,'Bos',9),(764,1,59,'Bos',9),(765,1,60,'Bos',9),(766,1,61,'Bos',9),(767,1,62,'Bos',9),(768,1,63,'Bos',9),(769,1,64,'Bos',9),(770,1,65,'Bos',9),(771,1,66,'Bos',9),(772,1,67,'Bos',9),(773,1,68,'Bos',9),(774,1,69,'Bos',9),(775,1,70,'Bos',9),(776,1,71,'Bos',9),(777,1,72,'Bos',9),(778,1,73,'Bos',9),(779,1,74,'Bos',9),(780,1,75,'Bos',9),(781,1,76,'Bos',9),(782,1,77,'Bos',9),(783,1,78,'Bos',9),(784,1,79,'Bos',9),(785,1,80,'Bos',9),(786,1,81,'Bos',9),(787,1,82,'Bos',9),(788,1,83,'Bos',9),(789,1,84,'Bos',9),(790,1,85,'Bos',9),(791,1,86,'Bos',9),(792,1,87,'Bos',9),(793,1,88,'Bos',9),(794,1,89,'Bos',9),(795,1,90,'Bos',9),(796,1,91,'Bos',9),(797,1,92,'Bos',9),(798,1,93,'Bos',9),(799,1,94,'Bos',9),(800,1,95,'Bos',9),(801,1,96,'Bos',9),(802,1,97,'Bos',9),(803,1,98,'Bos',9),(804,1,99,'Bos',9),(805,1,100,'Bos',9),(806,1,101,'Bos',9),(807,1,102,'Bos',9),(808,1,103,'Bos',9),(809,1,104,'Bos',9),(810,1,105,'Bos',9),(811,1,106,'Bos',9),(812,1,107,'Bos',9),(813,1,108,'Bos',9),(814,1,109,'Bos',9),(815,1,110,'Bos',9),(816,1,111,'Bos',9),(817,1,112,'Bos',9),(818,1,113,'Bos',9),(819,1,114,'Bos',9),(820,1,115,'Bos',9),(821,1,116,'Bos',9),(822,1,117,'Bos',9),(823,1,118,'Bos',9),(824,1,119,'Bos',9),(825,1,120,'Bos',9),(826,1,121,'Bos',9),(827,1,122,'Bos',9),(828,1,123,'Bos',9),(829,1,124,'Bos',9),(830,1,125,'Bos',9),(831,1,126,'Bos',9),(832,1,127,'Bos',9),(833,1,128,'Bos',9),(834,1,129,'Bos',9),(835,1,130,'Bos',9),(836,1,131,'Bos',9),(837,1,132,'Bos',9),(838,1,133,'Bos',9),(839,1,134,'Bos',9),(840,1,135,'Bos',9),(841,1,136,'Bos',9),(842,1,137,'Bos',9),(843,1,138,'Bos',9),(844,1,139,'Bos',9),(845,1,140,'Bos',9),(846,1,141,'Bos',9),(847,1,142,'Bos',9),(848,1,143,'Bos',9),(849,1,144,'Bos',9),(850,1,145,'Bos',9),(851,1,146,'Bos',9),(852,1,147,'Bos',9),(853,1,148,'Bos',9),(854,1,149,'Bos',9),(855,1,150,'Bos',9),(856,1,151,'Bos',9),(857,1,152,'Bos',9),(858,1,153,'Bos',9),(859,1,154,'Bos',9),(860,1,155,'Bos',9),(861,1,156,'Bos',9),(862,1,157,'Bos',9),(863,1,158,'Bos',9),(864,1,159,'Bos',9),(865,1,160,'Bos',9),(866,1,161,'Bos',9),(867,1,162,'Bos',9),(868,1,163,'Bos',9),(869,1,164,'Bos',9),(870,1,165,'Bos',9),(871,1,166,'Bos',9),(872,1,167,'Bos',9),(873,1,168,'Bos',9),(874,1,169,'Bos',9),(875,1,170,'Bos',9),(876,1,171,'Bos',9),(877,1,172,'Bos',9),(878,1,173,'Bos',9),(879,1,174,'Bos',9),(880,1,175,'Bos',9),(881,1,176,'Bos',9),(882,1,177,'Bos',9),(883,1,178,'Bos',9),(884,1,179,'Bos',9),(885,1,180,'Bos',9),(886,1,181,'Bos',9),(887,1,182,'Bos',9),(888,1,183,'Bos',9),(889,1,184,'Bos',9),(890,1,185,'Bos',9),(891,1,186,'Bos',9),(892,1,187,'Bos',9),(893,1,188,'Bos',9),(894,1,189,'Bos',9),(895,1,190,'Bos',9),(896,1,191,'Bos',9),(897,1,192,'Bos',9),(898,1,193,'Bos',9),(899,1,194,'Bos',9),(900,1,195,'Bos',9),(901,1,196,'Bos',9),(902,1,197,'Bos',9),(903,1,198,'Bos',9),(904,1,199,'Bos',9),(905,1,200,'Bos',9),(906,1,1,'Bos',10),(907,1,2,'Bos',10),(908,1,3,'Bos',10),(909,1,4,'Bos',10),(910,1,5,'Bos',10),(911,1,6,'Bos',10),(912,1,7,'Bos',10),(913,1,8,'Bos',10),(914,1,9,'Bos',10),(915,1,10,'Bos',10),(916,1,11,'Bos',10),(917,1,12,'Bos',10),(918,1,13,'Bos',10),(919,1,14,'Bos',10),(920,1,15,'Bos',10),(921,1,16,'Bos',10),(922,1,17,'Bos',10),(923,1,18,'Bos',10),(924,1,19,'Bos',10),(925,1,20,'Bos',10),(926,1,21,'Bos',10),(927,1,22,'Bos',10),(928,1,23,'Bos',10),(929,1,24,'Bos',10),(930,1,25,'Bos',10),(931,1,26,'Bos',10),(932,1,27,'Bos',10),(933,1,28,'Bos',10),(934,1,29,'Bos',10),(935,1,30,'Bos',10),(936,1,31,'Bos',10),(937,1,32,'Bos',10),(938,1,33,'Bos',10),(939,1,34,'Bos',10),(940,1,35,'Bos',10),(941,1,36,'Bos',10),(942,1,37,'Bos',10),(943,1,38,'Bos',10),(944,1,39,'Bos',10),(945,1,40,'Bos',10),(946,1,41,'Bos',10),(947,1,42,'Bos',10),(948,1,43,'Bos',10),(949,1,44,'Bos',10),(950,1,45,'Bos',10),(951,1,46,'Bos',10),(952,1,47,'Bos',10),(953,1,48,'Bos',10),(954,1,49,'Bos',10),(955,1,50,'Bos',10),(956,1,51,'Bos',10),(957,1,52,'Bos',10),(958,1,53,'Bos',10),(959,1,54,'Bos',10),(960,1,55,'Bos',10),(961,1,56,'Bos',10),(962,1,57,'Bos',10),(963,1,58,'Bos',10),(964,1,59,'Bos',10),(965,1,60,'Bos',10),(966,1,61,'Bos',10),(967,1,62,'Bos',10),(968,1,63,'Bos',10),(969,1,64,'Bos',10),(970,1,65,'Bos',10),(971,1,66,'Bos',10),(972,1,67,'Bos',10),(973,1,68,'Bos',10),(974,1,69,'Bos',10),(975,1,70,'Bos',10),(976,1,71,'Bos',10),(977,1,72,'Bos',10),(978,1,73,'Bos',10),(979,1,74,'Bos',10),(980,1,75,'Bos',10),(981,1,76,'Bos',10),(982,1,77,'Bos',10),(983,1,78,'Bos',10),(984,1,79,'Bos',10),(985,1,80,'Bos',10),(986,1,81,'Bos',10),(987,1,82,'Bos',10),(988,1,83,'Bos',10),(989,1,84,'Bos',10),(990,1,85,'Bos',10),(991,1,86,'Bos',10),(992,1,87,'Bos',10),(993,1,88,'Bos',10),(994,1,89,'Bos',10),(995,1,90,'Bos',10),(996,1,91,'Bos',10),(997,1,92,'Bos',10),(998,1,93,'Bos',10),(999,1,94,'Bos',10),(1000,1,95,'Bos',10),(1001,1,96,'Bos',10),(1002,1,97,'Bos',10),(1003,1,98,'Bos',10),(1004,1,99,'Bos',10),(1005,1,100,'Bos',10),(1006,1,1,'Bos',11),(1007,1,2,'Bos',11),(1008,1,3,'Bos',11),(1009,1,4,'Bos',11),(1010,1,5,'Bos',11),(1011,1,6,'Bos',11),(1012,1,7,'Bos',11),(1013,1,8,'Bos',11),(1014,1,9,'Bos',11),(1015,1,10,'Bos',11),(1016,1,11,'Bos',11),(1017,1,12,'Bos',11),(1018,1,13,'Bos',11),(1019,1,14,'Bos',11),(1020,1,15,'Bos',11),(1021,1,16,'Bos',11),(1022,1,17,'Bos',11),(1023,1,18,'Bos',11),(1024,1,19,'Bos',11),(1025,1,20,'Bos',11),(1026,1,21,'Bos',11),(1027,1,22,'Bos',11),(1028,1,23,'Bos',11),(1029,1,24,'Bos',11),(1030,1,25,'Bos',11),(1031,1,26,'Bos',11),(1032,1,27,'Bos',11),(1033,1,28,'Bos',11),(1034,1,29,'Bos',11),(1035,1,30,'Bos',11),(1036,1,31,'Bos',11),(1037,1,32,'Bos',11),(1038,1,33,'Bos',11),(1039,1,34,'Bos',11),(1040,1,35,'Bos',11),(1041,1,36,'Bos',11),(1042,1,37,'Bos',11),(1043,1,38,'Bos',11),(1044,1,39,'Bos',11),(1045,1,40,'Bos',11),(1046,1,41,'Bos',11),(1047,1,42,'Bos',11),(1048,1,43,'Bos',11),(1049,1,44,'Bos',11),(1050,1,45,'Bos',11),(1051,1,46,'Bos',11),(1052,1,47,'Bos',11),(1053,1,48,'Bos',11),(1054,1,49,'Bos',11),(1055,1,50,'Bos',11),(1056,1,51,'Bos',11),(1057,1,52,'Bos',11),(1058,1,53,'Bos',11),(1059,1,54,'Bos',11),(1060,1,55,'Bos',11),(1061,1,56,'Bos',11),(1062,1,57,'Bos',11),(1063,1,58,'Bos',11),(1064,1,59,'Bos',11),(1065,1,60,'Bos',11),(1066,1,61,'Bos',11),(1067,1,62,'Bos',11),(1068,1,63,'Bos',11),(1069,1,64,'Bos',11),(1070,1,65,'Bos',11),(1071,1,66,'Bos',11),(1072,1,67,'Bos',11),(1073,1,68,'Bos',11),(1074,1,69,'Bos',11),(1075,1,70,'Bos',11),(1076,1,71,'Bos',11),(1077,1,72,'Bos',11),(1078,1,73,'Bos',11),(1079,1,74,'Bos',11),(1080,1,75,'Bos',11),(1081,1,76,'Bos',11),(1082,1,77,'Bos',11),(1083,1,78,'Bos',11),(1084,1,79,'Bos',11),(1085,1,80,'Bos',11),(1086,1,81,'Bos',11),(1087,1,82,'Bos',11),(1088,1,83,'Bos',11),(1089,1,84,'Bos',11),(1090,1,85,'Bos',11),(1091,1,86,'Bos',11),(1092,1,87,'Bos',11),(1093,1,88,'Bos',11),(1094,1,89,'Bos',11),(1095,1,90,'Bos',11),(1096,1,91,'Bos',11),(1097,1,92,'Bos',11),(1098,1,93,'Bos',11),(1099,1,94,'Bos',11),(1100,1,95,'Bos',11),(1101,1,96,'Bos',11),(1102,1,97,'Bos',11),(1103,1,98,'Bos',11),(1104,1,99,'Bos',11),(1105,1,100,'Bos',11),(1106,1,1,'Bos',12),(1107,1,2,'Bos',12),(1108,1,3,'Bos',12),(1109,1,4,'Bos',12),(1110,1,5,'Bos',12),(1111,1,6,'Bos',12),(1112,1,7,'Bos',12),(1113,1,8,'Bos',12),(1114,1,9,'Bos',12),(1115,1,10,'Bos',12),(1116,1,11,'Bos',12),(1117,1,12,'Bos',12),(1118,1,13,'Bos',12),(1119,1,14,'Bos',12),(1120,1,15,'Bos',12),(1121,1,16,'Bos',12),(1122,1,17,'Bos',12),(1123,1,18,'Bos',12),(1124,1,19,'Bos',12),(1125,1,20,'Bos',12),(1126,1,21,'Bos',12),(1127,1,22,'Bos',12),(1128,1,23,'Bos',12),(1129,1,24,'Bos',12),(1130,1,25,'Bos',12),(1131,1,26,'Bos',12),(1132,1,27,'Bos',12),(1133,1,28,'Bos',12),(1134,1,29,'Bos',12),(1135,1,30,'Bos',12),(1136,1,31,'Bos',12),(1137,1,32,'Bos',12),(1138,1,33,'Bos',12),(1139,1,34,'Bos',12),(1140,1,35,'Bos',12),(1141,1,36,'Bos',12),(1142,1,37,'Bos',12),(1143,1,38,'Bos',12),(1144,1,39,'Bos',12),(1145,1,40,'Bos',12),(1146,1,41,'Bos',12),(1147,1,42,'Bos',12),(1148,1,43,'Bos',12),(1149,1,44,'Bos',12),(1150,1,45,'Bos',12),(1151,1,46,'Bos',12),(1152,1,47,'Bos',12),(1153,1,48,'Bos',12),(1154,1,49,'Bos',12),(1155,1,50,'Bos',12),(1156,1,51,'Bos',12),(1157,1,52,'Bos',12),(1158,1,53,'Bos',12),(1159,1,54,'Bos',12),(1160,1,55,'Bos',12),(1161,1,56,'Bos',12),(1162,1,57,'Bos',12),(1163,1,58,'Bos',12),(1164,1,59,'Bos',12),(1165,1,60,'Bos',12),(1166,1,61,'Bos',12),(1167,1,62,'Bos',12),(1168,1,63,'Bos',12),(1169,1,64,'Bos',12),(1170,1,65,'Bos',12),(1171,1,66,'Bos',12),(1172,1,67,'Bos',12),(1173,1,68,'Bos',12),(1174,1,69,'Bos',12),(1175,1,70,'Bos',12),(1176,1,71,'Bos',12),(1177,1,72,'Bos',12),(1178,1,73,'Bos',12),(1179,1,74,'Bos',12),(1180,1,75,'Bos',12),(1181,1,76,'Bos',12),(1182,1,77,'Bos',12),(1183,1,78,'Bos',12),(1184,1,79,'Bos',12),(1185,1,80,'Bos',12),(1186,1,81,'Bos',12),(1187,1,82,'Bos',12),(1188,1,83,'Bos',12),(1189,1,84,'Bos',12),(1190,1,85,'Bos',12),(1191,1,86,'Bos',12),(1192,1,87,'Bos',12),(1193,1,88,'Bos',12),(1194,1,89,'Bos',12),(1195,1,90,'Bos',12),(1196,1,91,'Bos',12),(1197,1,92,'Bos',12),(1198,1,93,'Bos',12),(1199,1,94,'Bos',12),(1200,1,95,'Bos',12),(1201,1,96,'Bos',12),(1202,1,97,'Bos',12),(1203,1,98,'Bos',12),(1204,1,99,'Bos',12),(1205,1,100,'Bos',12),(1206,1,101,'Bos',12),(1207,1,102,'Bos',12),(1208,1,103,'Bos',12),(1209,1,104,'Bos',12),(1210,1,105,'Bos',12),(1211,1,106,'Bos',12),(1212,1,107,'Bos',12),(1213,1,108,'Bos',12),(1214,1,109,'Bos',12),(1215,1,110,'Bos',12),(1216,1,111,'Bos',12),(1217,1,112,'Bos',12),(1218,1,113,'Bos',12),(1219,1,114,'Bos',12),(1220,1,115,'Bos',12),(1221,1,116,'Bos',12),(1222,1,117,'Bos',12),(1223,1,118,'Bos',12),(1224,1,119,'Bos',12),(1225,1,120,'Bos',12),(1226,1,121,'Bos',12),(1227,1,122,'Bos',12),(1228,1,123,'Bos',12),(1229,1,124,'Bos',12),(1230,1,125,'Bos',12),(1231,1,126,'Bos',12),(1232,1,127,'Bos',12),(1233,1,128,'Bos',12),(1234,1,129,'Bos',12),(1235,1,130,'Bos',12),(1236,1,131,'Bos',12),(1237,1,132,'Bos',12),(1238,1,133,'Bos',12),(1239,1,134,'Bos',12),(1240,1,135,'Bos',12),(1241,1,136,'Bos',12),(1242,1,137,'Bos',12),(1243,1,138,'Bos',12),(1244,1,139,'Bos',12),(1245,1,140,'Bos',12),(1246,1,141,'Bos',12),(1247,1,142,'Bos',12),(1248,1,143,'Bos',12),(1249,1,144,'Bos',12),(1250,1,145,'Bos',12),(1251,1,146,'Bos',12),(1252,1,147,'Bos',12),(1253,1,148,'Bos',12),(1254,1,149,'Bos',12),(1255,1,150,'Bos',12),(1256,1,151,'Bos',12),(1257,1,152,'Bos',12),(1258,1,153,'Bos',12),(1259,1,154,'Bos',12),(1260,1,155,'Bos',12),(1261,1,156,'Bos',12),(1262,1,157,'Bos',12),(1263,1,158,'Bos',12),(1264,1,159,'Bos',12),(1265,1,160,'Bos',12),(1266,1,161,'Bos',12),(1267,1,162,'Bos',12),(1268,1,163,'Bos',12),(1269,1,164,'Bos',12),(1270,1,165,'Bos',12),(1271,1,166,'Bos',12),(1272,1,167,'Bos',12),(1273,1,168,'Bos',12),(1274,1,169,'Bos',12),(1275,1,170,'Bos',12),(1276,1,171,'Bos',12),(1277,1,172,'Bos',12),(1278,1,173,'Bos',12),(1279,1,174,'Bos',12),(1280,1,175,'Bos',12),(1281,1,176,'Bos',12),(1282,1,177,'Bos',12),(1283,1,178,'Bos',12),(1284,1,179,'Bos',12),(1285,1,180,'Bos',12),(1286,1,181,'Bos',12),(1287,1,182,'Bos',12),(1288,1,183,'Bos',12),(1289,1,184,'Bos',12),(1290,1,185,'Bos',12),(1291,1,186,'Bos',12),(1292,1,187,'Bos',12),(1293,1,188,'Bos',12),(1294,1,189,'Bos',12),(1295,1,190,'Bos',12),(1296,1,191,'Bos',12),(1297,1,192,'Bos',12),(1298,1,193,'Bos',12),(1299,1,194,'Bos',12),(1300,1,195,'Bos',12),(1301,1,196,'Bos',12),(1302,1,197,'Bos',12),(1303,1,198,'Bos',12),(1304,1,199,'Bos',12),(1305,1,200,'Bos',12),(1306,1,1,'Bos',13),(1307,1,2,'Bos',13),(1308,1,3,'Bos',13),(1309,1,4,'Bos',13),(1310,1,5,'Bos',13),(1311,1,6,'Bos',13),(1312,1,7,'Bos',13),(1313,1,8,'Bos',13),(1314,1,9,'Bos',13),(1315,1,10,'Bos',13),(1316,1,11,'Bos',13),(1317,1,12,'Bos',13),(1318,1,13,'Bos',13),(1319,1,14,'Bos',13),(1320,1,15,'Bos',13),(1321,1,16,'Bos',13),(1322,1,17,'Bos',13),(1323,1,18,'Bos',13),(1324,1,19,'Bos',13),(1325,1,20,'Bos',13),(1326,1,21,'Bos',13),(1327,1,22,'Bos',13),(1328,1,23,'Bos',13),(1329,1,24,'Bos',13),(1330,1,25,'Bos',13),(1331,1,26,'Bos',13),(1332,1,27,'Bos',13),(1333,1,28,'Bos',13),(1334,1,29,'Bos',13),(1335,1,30,'Bos',13),(1336,1,31,'Bos',13),(1337,1,32,'Bos',13),(1338,1,33,'Bos',13),(1339,1,34,'Bos',13),(1340,1,35,'Bos',13),(1341,1,36,'Bos',13),(1342,1,37,'Bos',13),(1343,1,38,'Bos',13),(1344,1,39,'Bos',13),(1345,1,40,'Bos',13),(1346,1,41,'Bos',13),(1347,1,42,'Bos',13),(1348,1,43,'Bos',13),(1349,1,44,'Bos',13),(1350,1,45,'Bos',13),(1351,1,46,'Bos',13),(1352,1,47,'Bos',13),(1353,1,48,'Bos',13),(1354,1,49,'Bos',13),(1355,1,50,'Bos',13),(1356,1,51,'Bos',13),(1357,1,52,'Bos',13),(1358,1,53,'Bos',13),(1359,1,54,'Bos',13),(1360,1,55,'Bos',13),(1361,1,56,'Bos',13),(1362,1,57,'Bos',13),(1363,1,58,'Bos',13),(1364,1,59,'Bos',13),(1365,1,60,'Bos',13),(1366,1,61,'Bos',13),(1367,1,62,'Bos',13),(1368,1,63,'Bos',13),(1369,1,64,'Bos',13),(1370,1,65,'Bos',13),(1371,1,66,'Bos',13),(1372,1,67,'Bos',13),(1373,1,68,'Bos',13),(1374,1,69,'Bos',13),(1375,1,70,'Bos',13),(1376,1,71,'Bos',13),(1377,1,72,'Bos',13),(1378,1,73,'Bos',13),(1379,1,74,'Bos',13),(1380,1,75,'Bos',13),(1381,1,76,'Bos',13),(1382,1,77,'Bos',13),(1383,1,78,'Bos',13),(1384,1,79,'Bos',13),(1385,1,80,'Bos',13),(1386,1,81,'Bos',13),(1387,1,82,'Bos',13),(1388,1,83,'Bos',13),(1389,1,84,'Bos',13),(1390,1,85,'Bos',13),(1391,1,86,'Bos',13),(1392,1,87,'Bos',13),(1393,1,88,'Bos',13),(1394,1,89,'Bos',13),(1395,1,90,'Bos',13),(1396,1,91,'Bos',13),(1397,1,92,'Bos',13),(1398,1,93,'Bos',13),(1399,1,94,'Bos',13),(1400,1,95,'Bos',13),(1401,1,96,'Bos',13),(1402,1,97,'Bos',13),(1403,1,98,'Bos',13),(1404,1,99,'Bos',13),(1405,1,100,'Bos',13),(1406,1,101,'Bos',13),(1407,1,102,'Bos',13),(1408,1,103,'Bos',13),(1409,1,104,'Bos',13),(1410,1,105,'Bos',13),(1411,1,106,'Bos',13),(1412,1,107,'Bos',13),(1413,1,108,'Bos',13),(1414,1,109,'Bos',13),(1415,1,110,'Bos',13),(1416,1,111,'Bos',13),(1417,1,112,'Bos',13),(1418,1,113,'Bos',13),(1419,1,114,'Bos',13),(1420,1,115,'Bos',13),(1421,1,116,'Bos',13),(1422,1,117,'Bos',13),(1423,1,118,'Bos',13),(1424,1,119,'Bos',13),(1425,1,120,'Bos',13),(1426,1,121,'Bos',13),(1427,1,122,'Bos',13),(1428,1,123,'Bos',13),(1429,1,124,'Bos',13),(1430,1,125,'Bos',13),(1431,1,126,'Bos',13),(1432,1,127,'Bos',13),(1433,1,128,'Bos',13),(1434,1,129,'Bos',13),(1435,1,130,'Bos',13),(1436,1,131,'Bos',13),(1437,1,132,'Bos',13),(1438,1,133,'Bos',13),(1439,1,134,'Bos',13),(1440,1,135,'Bos',13),(1441,1,136,'Bos',13),(1442,1,137,'Bos',13),(1443,1,138,'Bos',13),(1444,1,139,'Bos',13),(1445,1,140,'Bos',13),(1446,1,141,'Bos',13),(1447,1,142,'Bos',13),(1448,1,143,'Bos',13),(1449,1,144,'Bos',13),(1450,1,145,'Bos',13),(1451,1,146,'Bos',13),(1452,1,147,'Bos',13),(1453,1,148,'Bos',13),(1454,1,149,'Bos',13),(1455,1,150,'Bos',13),(1456,1,151,'Bos',13),(1457,1,152,'Bos',13),(1458,1,153,'Bos',13),(1459,1,154,'Bos',13),(1460,1,155,'Bos',13),(1461,1,156,'Bos',13),(1462,1,157,'Bos',13),(1463,1,158,'Bos',13),(1464,1,159,'Bos',13),(1465,1,160,'Bos',13),(1466,1,161,'Bos',13),(1467,1,162,'Bos',13),(1468,1,163,'Bos',13),(1469,1,164,'Bos',13),(1470,1,165,'Bos',13),(1471,1,166,'Bos',13),(1472,1,167,'Bos',13),(1473,1,168,'Bos',13),(1474,1,169,'Bos',13),(1475,1,170,'Bos',13),(1476,1,171,'Bos',13),(1477,1,172,'Bos',13),(1478,1,173,'Bos',13),(1479,1,174,'Bos',13),(1480,1,175,'Bos',13),(1481,1,176,'Bos',13),(1482,1,177,'Bos',13),(1483,1,178,'Bos',13),(1484,1,179,'Bos',13),(1485,1,180,'Bos',13),(1486,1,181,'Bos',13),(1487,1,182,'Bos',13),(1488,1,183,'Bos',13),(1489,1,184,'Bos',13),(1490,1,185,'Bos',13),(1491,1,186,'Bos',13),(1492,1,187,'Bos',13),(1493,1,188,'Bos',13),(1494,1,189,'Bos',13),(1495,1,190,'Bos',13),(1496,1,191,'Bos',13),(1497,1,192,'Bos',13),(1498,1,193,'Bos',13),(1499,1,194,'Bos',13),(1500,1,195,'Bos',13),(1501,1,196,'Bos',13),(1502,1,197,'Bos',13),(1503,1,198,'Bos',13),(1504,1,199,'Bos',13),(1505,1,200,'Bos',13),(1506,1,201,'Bos',13),(1507,1,202,'Bos',13),(1508,1,203,'Bos',13),(1509,1,204,'Bos',13),(1510,1,205,'Bos',13),(1511,1,206,'Bos',13),(1512,1,207,'Bos',13),(1513,1,208,'Bos',13),(1514,1,209,'Bos',13),(1515,1,210,'Bos',13),(1516,1,211,'Bos',13),(1517,1,212,'Bos',13),(1518,1,213,'Bos',13),(1519,1,214,'Bos',13),(1520,1,215,'Bos',13),(1521,1,216,'Bos',13),(1522,1,217,'Bos',13),(1523,1,218,'Bos',13),(1524,1,219,'Bos',13),(1525,1,220,'Bos',13),(1526,1,221,'Bos',13),(1527,1,222,'Bos',13),(1528,1,223,'Bos',13),(1529,1,224,'Bos',13),(1530,1,225,'Bos',13),(1531,1,226,'Bos',13),(1532,1,227,'Bos',13),(1533,1,228,'Bos',13),(1534,1,229,'Bos',13),(1535,1,230,'Bos',13),(1536,1,231,'Bos',13),(1537,1,232,'Bos',13),(1538,1,233,'Bos',13),(1539,1,234,'Bos',13),(1540,1,235,'Bos',13),(1541,1,236,'Bos',13),(1542,1,237,'Bos',13),(1543,1,238,'Bos',13),(1544,1,239,'Bos',13),(1545,1,240,'Bos',13),(1546,1,241,'Bos',13),(1547,1,242,'Bos',13),(1548,1,243,'Bos',13),(1549,1,244,'Bos',13),(1550,1,245,'Bos',13),(1551,1,246,'Bos',13),(1552,1,247,'Bos',13),(1553,1,248,'Bos',13),(1554,1,249,'Bos',13),(1555,1,250,'Bos',13),(1556,1,251,'Bos',13),(1557,1,252,'Bos',13),(1558,1,253,'Bos',13),(1559,1,254,'Bos',13),(1560,1,255,'Bos',13),(1561,1,256,'Bos',13),(1562,1,257,'Bos',13),(1563,1,258,'Bos',13),(1564,1,259,'Bos',13),(1565,1,260,'Bos',13),(1566,1,261,'Bos',13),(1567,1,262,'Bos',13),(1568,1,263,'Bos',13),(1569,1,264,'Bos',13),(1570,1,265,'Bos',13),(1571,1,266,'Bos',13),(1572,1,267,'Bos',13),(1573,1,268,'Bos',13),(1574,1,269,'Bos',13),(1575,1,270,'Bos',13),(1576,1,271,'Bos',13),(1577,1,272,'Bos',13),(1578,1,273,'Bos',13),(1579,1,274,'Bos',13),(1580,1,275,'Bos',13),(1581,1,276,'Bos',13),(1582,1,277,'Bos',13),(1583,1,278,'Bos',13),(1584,1,279,'Bos',13),(1585,1,280,'Bos',13),(1586,1,281,'Bos',13),(1587,1,282,'Bos',13),(1588,1,283,'Bos',13),(1589,1,284,'Bos',13),(1590,1,285,'Bos',13),(1591,1,286,'Bos',13),(1592,1,287,'Bos',13),(1593,1,288,'Bos',13),(1594,1,289,'Bos',13),(1595,1,290,'Bos',13),(1596,1,291,'Bos',13),(1597,1,292,'Bos',13),(1598,1,293,'Bos',13),(1599,1,294,'Bos',13),(1600,1,295,'Bos',13),(1601,1,296,'Bos',13),(1602,1,297,'Bos',13),(1603,1,298,'Bos',13),(1604,1,299,'Bos',13),(1605,1,300,'Bos',13),(1606,1,301,'Bos',13),(1607,1,302,'Bos',13),(1608,1,303,'Bos',13),(1609,1,304,'Bos',13),(1610,1,305,'Bos',13),(1611,1,306,'Bos',13),(1612,1,307,'Bos',13),(1613,1,308,'Bos',13),(1614,1,309,'Bos',13),(1615,1,310,'Bos',13),(1616,1,311,'Bos',13),(1617,1,312,'Bos',13),(1618,1,313,'Bos',13),(1619,1,314,'Bos',13),(1620,1,315,'Bos',13),(1621,1,316,'Bos',13),(1622,1,317,'Bos',13),(1623,1,318,'Bos',13),(1624,1,319,'Bos',13),(1625,1,320,'Bos',13),(1626,1,321,'Bos',13),(1627,1,322,'Bos',13),(1628,1,323,'Bos',13),(1629,1,324,'Bos',13),(1630,1,325,'Bos',13),(1631,1,326,'Bos',13),(1632,1,327,'Bos',13),(1633,1,328,'Bos',13),(1634,1,329,'Bos',13),(1635,1,330,'Bos',13),(1636,1,331,'Bos',13),(1637,1,332,'Bos',13),(1638,1,333,'Bos',13),(1639,1,334,'Bos',13),(1640,1,335,'Bos',13),(1641,1,336,'Bos',13),(1642,1,337,'Bos',13),(1643,1,338,'Bos',13),(1644,1,339,'Bos',13),(1645,1,340,'Bos',13),(1646,1,341,'Bos',13),(1647,1,342,'Bos',13),(1648,1,343,'Bos',13),(1649,1,344,'Bos',13),(1650,1,345,'Bos',13),(1651,1,346,'Bos',13),(1652,1,347,'Bos',13),(1653,1,348,'Bos',13),(1654,1,349,'Bos',13),(1655,1,350,'Bos',13),(1656,1,351,'Bos',13),(1657,1,352,'Bos',13),(1658,1,353,'Bos',13),(1659,1,354,'Bos',13),(1660,1,355,'Bos',13),(1661,1,356,'Bos',13),(1662,1,357,'Bos',13),(1663,1,358,'Bos',13),(1664,1,359,'Bos',13),(1665,1,360,'Bos',13),(1666,1,361,'Bos',13),(1667,1,362,'Bos',13),(1668,1,363,'Bos',13),(1669,1,364,'Bos',13),(1670,1,365,'Bos',13),(1671,1,366,'Bos',13),(1672,1,367,'Bos',13),(1673,1,368,'Bos',13),(1674,1,369,'Bos',13),(1675,1,370,'Bos',13),(1676,1,371,'Bos',13),(1677,1,372,'Bos',13),(1678,1,373,'Bos',13),(1679,1,374,'Bos',13),(1680,1,375,'Bos',13),(1681,1,376,'Bos',13),(1682,1,377,'Bos',13),(1683,1,378,'Bos',13),(1684,1,379,'Bos',13),(1685,1,380,'Bos',13),(1686,1,381,'Bos',13),(1687,1,382,'Bos',13),(1688,1,383,'Bos',13),(1689,1,384,'Bos',13),(1690,1,385,'Bos',13),(1691,1,386,'Bos',13),(1692,1,387,'Bos',13),(1693,1,388,'Bos',13),(1694,1,389,'Bos',13),(1695,1,390,'Bos',13),(1696,1,391,'Bos',13),(1697,1,392,'Bos',13),(1698,1,393,'Bos',13),(1699,1,394,'Bos',13),(1700,1,395,'Bos',13),(1701,1,396,'Bos',13),(1702,1,397,'Bos',13),(1703,1,398,'Bos',13),(1704,1,399,'Bos',13),(1705,1,400,'Bos',13);
/*!40000 ALTER TABLE `koltuk` ENABLE KEYS */;
UNLOCK TABLES;

--
-- Table structure for table `kullanici`
--

DROP TABLE IF EXISTS `kullanici`;
/*!40101 SET @saved_cs_client     = @@character_set_client */;
/*!50503 SET character_set_client = utf8mb4 */;
CREATE TABLE `kullanici` (
  `KullaniciID` int NOT NULL AUTO_INCREMENT,
  `KullaniciAdi` varchar(100) NOT NULL,
  `Sifre` varchar(150) NOT NULL,
  `Rol` varchar(50) DEFAULT 'Kullanici',
  `MusteriID` int DEFAULT NULL,
  PRIMARY KEY (`KullaniciID`),
  UNIQUE KEY `KullaniciAdi` (`KullaniciAdi`),
  UNIQUE KEY `MusteriID` (`MusteriID`),
  CONSTRAINT `kullanici_ibfk_1` FOREIGN KEY (`MusteriID`) REFERENCES `musteri` (`MusteriID`) ON DELETE CASCADE ON UPDATE CASCADE
) ENGINE=InnoDB AUTO_INCREMENT=3 DEFAULT CHARSET=utf8mb4 COLLATE=utf8mb4_0900_ai_ci;
/*!40101 SET character_set_client = @saved_cs_client */;

--
-- Dumping data for table `kullanici`
--

LOCK TABLES `kullanici` WRITE;
/*!40000 ALTER TABLE `kullanici` DISABLE KEYS */;
INSERT INTO `kullanici` VALUES (1,'admin','123','Admin',NULL),(2,'busra','123','Kullanici',1);
/*!40000 ALTER TABLE `kullanici` ENABLE KEYS */;
UNLOCK TABLES;

--
-- Table structure for table `mekan`
--

DROP TABLE IF EXISTS `mekan`;
/*!40101 SET @saved_cs_client     = @@character_set_client */;
/*!50503 SET character_set_client = utf8mb4 */;
CREATE TABLE `mekan` (
  `MekanID` int NOT NULL AUTO_INCREMENT,
  `MekanAdi` varchar(150) NOT NULL,
  `Adres` varchar(250) NOT NULL,
  PRIMARY KEY (`MekanID`)
) ENGINE=InnoDB AUTO_INCREMENT=6 DEFAULT CHARSET=utf8mb4 COLLATE=utf8mb4_0900_ai_ci;
/*!40101 SET character_set_client = @saved_cs_client */;

--
-- Dumping data for table `mekan`
--

LOCK TABLES `mekan` WRITE;
/*!40000 ALTER TABLE `mekan` DISABLE KEYS */;
INSERT INTO `mekan` VALUES (1,'Zorlu PSM','Zorlu Center, Levazım Mah. Koru Sok. No:2/PSM/70 Zincirlikuyu, Beşiktaş / İstanbul'),(2,'KüçükÇiftlik Park','Harbiye, Kadırgalar Cd. No:4, 34367 Şişli/İstanbul'),(4,'Tüyap Etkinlik Merkezi','Eski, Cumhuriyet, Hadımköy Yolu Cd 9/1, 34500 Büyükçekmece/İstanbul'),(5,'Bartın Kültür Merkezi','Tuna, Hendek Yanı Cd. No:278 D:278, 74100 Bartın Merkez/Bartın');
/*!40000 ALTER TABLE `mekan` ENABLE KEYS */;
UNLOCK TABLES;

--
-- Table structure for table `musteri`
--

DROP TABLE IF EXISTS `musteri`;
/*!40101 SET @saved_cs_client     = @@character_set_client */;
/*!50503 SET character_set_client = utf8mb4 */;
CREATE TABLE `musteri` (
  `MusteriID` int NOT NULL AUTO_INCREMENT,
  `Adi` varchar(100) NOT NULL,
  `Soyadi` varchar(100) NOT NULL,
  `Telefon` varchar(20) DEFAULT NULL,
  `Mail` varchar(150) DEFAULT NULL,
  PRIMARY KEY (`MusteriID`),
  UNIQUE KEY `Telefon` (`Telefon`),
  UNIQUE KEY `Mail` (`Mail`)
) ENGINE=InnoDB AUTO_INCREMENT=7 DEFAULT CHARSET=utf8mb4 COLLATE=utf8mb4_0900_ai_ci;
/*!40101 SET character_set_client = @saved_cs_client */;

--
-- Dumping data for table `musteri`
--

LOCK TABLES `musteri` WRITE;
/*!40000 ALTER TABLE `musteri` DISABLE KEYS */;
INSERT INTO `musteri` VALUES (1,'Büşra','Işık','05555555555','busra@gmail.com');
/*!40000 ALTER TABLE `musteri` ENABLE KEYS */;
UNLOCK TABLES;

--
-- Table structure for table `odeme`
--

DROP TABLE IF EXISTS `odeme`;
/*!40101 SET @saved_cs_client     = @@character_set_client */;
/*!50503 SET character_set_client = utf8mb4 */;
CREATE TABLE `odeme` (
  `OdemeID` int NOT NULL AUTO_INCREMENT,
  `OdemeTarihi` datetime DEFAULT CURRENT_TIMESTAMP,
  `OdemeTuru` varchar(50) NOT NULL,
  `OdemeDurumu` varchar(50) DEFAULT 'Beklemede',
  `SiparisID` int DEFAULT NULL,
  PRIMARY KEY (`OdemeID`),
  UNIQUE KEY `SiparisID` (`SiparisID`),
  CONSTRAINT `odeme_ibfk_1` FOREIGN KEY (`SiparisID`) REFERENCES `siparis` (`SiparisID`) ON DELETE CASCADE ON UPDATE CASCADE
) ENGINE=InnoDB DEFAULT CHARSET=utf8mb4 COLLATE=utf8mb4_0900_ai_ci;
/*!40101 SET character_set_client = @saved_cs_client */;

--
-- Dumping data for table `odeme`
--

LOCK TABLES `odeme` WRITE;
/*!40000 ALTER TABLE `odeme` DISABLE KEYS */;
/*!40000 ALTER TABLE `odeme` ENABLE KEYS */;
UNLOCK TABLES;

--
-- Table structure for table `organizasyon`
--

DROP TABLE IF EXISTS `organizasyon`;
/*!40101 SET @saved_cs_client     = @@character_set_client */;
/*!50503 SET character_set_client = utf8mb4 */;
CREATE TABLE `organizasyon` (
  `OrganizasyonID` int NOT NULL AUTO_INCREMENT,
  `OrganizasyonAdi` varchar(200) NOT NULL,
  `OrganizasyonTarihi` date NOT NULL,
  `OrganizasyonSaati` time NOT NULL,
  `Aciklama` text,
  `OrganizasyonTuruID` int NOT NULL,
  `OrganizatorID` int NOT NULL,
  `MekanID` int NOT NULL,
  `SalonID` int DEFAULT NULL,
  PRIMARY KEY (`OrganizasyonID`),
  KEY `OrganizasyonTuruID` (`OrganizasyonTuruID`),
  KEY `OrganizatorID` (`OrganizatorID`),
  KEY `MekanID` (`MekanID`),
  KEY `fk_organizasyon_salon` (`SalonID`),
  CONSTRAINT `fk_organizasyon_salon` FOREIGN KEY (`SalonID`) REFERENCES `salon` (`SalonID`),
  CONSTRAINT `organizasyon_ibfk_1` FOREIGN KEY (`OrganizasyonTuruID`) REFERENCES `organizasyonturu` (`OrganizasyonTuruID`) ON DELETE CASCADE ON UPDATE CASCADE,
  CONSTRAINT `organizasyon_ibfk_2` FOREIGN KEY (`OrganizatorID`) REFERENCES `organizator` (`OrganizatorID`) ON DELETE CASCADE ON UPDATE CASCADE,
  CONSTRAINT `organizasyon_ibfk_3` FOREIGN KEY (`MekanID`) REFERENCES `mekan` (`MekanID`) ON DELETE CASCADE ON UPDATE CASCADE
) ENGINE=InnoDB AUTO_INCREMENT=10 DEFAULT CHARSET=utf8mb4 COLLATE=utf8mb4_0900_ai_ci;
/*!40101 SET character_set_client = @saved_cs_client */;

--
-- Dumping data for table `organizasyon`
--

LOCK TABLES `organizasyon` WRITE;
/*!40000 ALTER TABLE `organizasyon` DISABLE KEYS */;
INSERT INTO `organizasyon` VALUES (6,'Manifest Konser','2026-08-19','19:30:08','',1,1,1,7),(8,'Manifestival','2026-08-21','20:30:07','Yanınızda profesyonel kamera getirilmesi yasaktır!',3,1,2,8),(9,'İçimizdeki Şeytan','2026-07-30','20:30:07','',2,1,5,11);
/*!40000 ALTER TABLE `organizasyon` ENABLE KEYS */;
UNLOCK TABLES;

--
-- Table structure for table `organizasyonpersonel`
--

DROP TABLE IF EXISTS `organizasyonpersonel`;
/*!40101 SET @saved_cs_client     = @@character_set_client */;
/*!50503 SET character_set_client = utf8mb4 */;
CREATE TABLE `organizasyonpersonel` (
  `OrganizasyonID` int NOT NULL,
  `PersonelID` int NOT NULL,
  PRIMARY KEY (`OrganizasyonID`,`PersonelID`),
  KEY `PersonelID` (`PersonelID`),
  CONSTRAINT `organizasyonpersonel_ibfk_1` FOREIGN KEY (`OrganizasyonID`) REFERENCES `organizasyon` (`OrganizasyonID`) ON DELETE CASCADE ON UPDATE CASCADE,
  CONSTRAINT `organizasyonpersonel_ibfk_2` FOREIGN KEY (`PersonelID`) REFERENCES `personel` (`PersonelID`) ON DELETE CASCADE ON UPDATE CASCADE
) ENGINE=InnoDB DEFAULT CHARSET=utf8mb4 COLLATE=utf8mb4_0900_ai_ci;
/*!40101 SET character_set_client = @saved_cs_client */;

--
-- Dumping data for table `organizasyonpersonel`
--

LOCK TABLES `organizasyonpersonel` WRITE;
/*!40000 ALTER TABLE `organizasyonpersonel` DISABLE KEYS */;
/*!40000 ALTER TABLE `organizasyonpersonel` ENABLE KEYS */;
UNLOCK TABLES;

--
-- Table structure for table `organizasyonsponsor`
--

DROP TABLE IF EXISTS `organizasyonsponsor`;
/*!40101 SET @saved_cs_client     = @@character_set_client */;
/*!50503 SET character_set_client = utf8mb4 */;
CREATE TABLE `organizasyonsponsor` (
  `OrganizasyonID` int NOT NULL,
  `SponsorID` int NOT NULL,
  PRIMARY KEY (`OrganizasyonID`,`SponsorID`),
  KEY `SponsorID` (`SponsorID`),
  CONSTRAINT `organizasyonsponsor_ibfk_1` FOREIGN KEY (`OrganizasyonID`) REFERENCES `organizasyon` (`OrganizasyonID`) ON DELETE CASCADE ON UPDATE CASCADE,
  CONSTRAINT `organizasyonsponsor_ibfk_2` FOREIGN KEY (`SponsorID`) REFERENCES `sponsor` (`SponsorID`) ON DELETE CASCADE ON UPDATE CASCADE
) ENGINE=InnoDB DEFAULT CHARSET=utf8mb4 COLLATE=utf8mb4_0900_ai_ci;
/*!40101 SET character_set_client = @saved_cs_client */;

--
-- Dumping data for table `organizasyonsponsor`
--

LOCK TABLES `organizasyonsponsor` WRITE;
/*!40000 ALTER TABLE `organizasyonsponsor` DISABLE KEYS */;
/*!40000 ALTER TABLE `organizasyonsponsor` ENABLE KEYS */;
UNLOCK TABLES;

--
-- Table structure for table `organizasyonturu`
--

DROP TABLE IF EXISTS `organizasyonturu`;
/*!40101 SET @saved_cs_client     = @@character_set_client */;
/*!50503 SET character_set_client = utf8mb4 */;
CREATE TABLE `organizasyonturu` (
  `OrganizasyonTuruID` int NOT NULL AUTO_INCREMENT,
  `TurAdi` varchar(100) NOT NULL,
  PRIMARY KEY (`OrganizasyonTuruID`),
  UNIQUE KEY `TurAdi` (`TurAdi`)
) ENGINE=InnoDB AUTO_INCREMENT=12 DEFAULT CHARSET=utf8mb4 COLLATE=utf8mb4_0900_ai_ci;
/*!40101 SET character_set_client = @saved_cs_client */;

--
-- Dumping data for table `organizasyonturu`
--

LOCK TABLES `organizasyonturu` WRITE;
/*!40000 ALTER TABLE `organizasyonturu` DISABLE KEYS */;
INSERT INTO `organizasyonturu` VALUES (3,'Festival'),(10,'Fuar'),(1,'Konser'),(4,'Opera'),(7,'Resital'),(8,'Sergi'),(6,'Sirk ve İllüzyon'),(11,'Spor Müsabakaları'),(5,'Stand-Up'),(2,'Tiyatro'),(9,'Workshop');
/*!40000 ALTER TABLE `organizasyonturu` ENABLE KEYS */;
UNLOCK TABLES;

--
-- Table structure for table `organizator`
--

DROP TABLE IF EXISTS `organizator`;
/*!40101 SET @saved_cs_client     = @@character_set_client */;
/*!50503 SET character_set_client = utf8mb4 */;
CREATE TABLE `organizator` (
  `OrganizatorID` int NOT NULL AUTO_INCREMENT,
  `FirmaAdi` varchar(150) NOT NULL,
  `YetkiliAd` varchar(100) NOT NULL,
  `YetkiliSoyad` varchar(100) NOT NULL,
  `Telefon` varchar(20) NOT NULL,
  `Mail` varchar(150) DEFAULT NULL,
  PRIMARY KEY (`OrganizatorID`),
  UNIQUE KEY `Telefon` (`Telefon`),
  UNIQUE KEY `Mail` (`Mail`)
) ENGINE=InnoDB AUTO_INCREMENT=2 DEFAULT CHARSET=utf8mb4 COLLATE=utf8mb4_0900_ai_ci;
/*!40101 SET character_set_client = @saved_cs_client */;

--
-- Dumping data for table `organizator`
--

LOCK TABLES `organizator` WRITE;
/*!40000 ALTER TABLE `organizator` DISABLE KEYS */;
INSERT INTO `organizator` VALUES (1,'Nova Organizasyon','Ahmet','Yılmaz','05554443322','nova@gmail.com');
/*!40000 ALTER TABLE `organizator` ENABLE KEYS */;
UNLOCK TABLES;

--
-- Table structure for table `personel`
--

DROP TABLE IF EXISTS `personel`;
/*!40101 SET @saved_cs_client     = @@character_set_client */;
/*!50503 SET character_set_client = utf8mb4 */;
CREATE TABLE `personel` (
  `PersonelID` int NOT NULL AUTO_INCREMENT,
  `Ad` varchar(100) NOT NULL,
  `Soyad` varchar(100) NOT NULL,
  `Gorev` varchar(100) NOT NULL,
  `Telefon` varchar(20) DEFAULT NULL,
  PRIMARY KEY (`PersonelID`),
  UNIQUE KEY `Telefon` (`Telefon`)
) ENGINE=InnoDB DEFAULT CHARSET=utf8mb4 COLLATE=utf8mb4_0900_ai_ci;
/*!40101 SET character_set_client = @saved_cs_client */;

--
-- Dumping data for table `personel`
--

LOCK TABLES `personel` WRITE;
/*!40000 ALTER TABLE `personel` DISABLE KEYS */;
/*!40000 ALTER TABLE `personel` ENABLE KEYS */;
UNLOCK TABLES;

--
-- Table structure for table `salon`
--

DROP TABLE IF EXISTS `salon`;
/*!40101 SET @saved_cs_client     = @@character_set_client */;
/*!50503 SET character_set_client = utf8mb4 */;
CREATE TABLE `salon` (
  `SalonID` int NOT NULL AUTO_INCREMENT,
  `SalonAdi` varchar(100) NOT NULL,
  `Kapasite` int NOT NULL,
  `MekanID` int NOT NULL,
  PRIMARY KEY (`SalonID`),
  KEY `MekanID` (`MekanID`),
  CONSTRAINT `salon_ibfk_1` FOREIGN KEY (`MekanID`) REFERENCES `mekan` (`MekanID`) ON DELETE CASCADE ON UPDATE CASCADE,
  CONSTRAINT `salon_chk_1` CHECK ((`Kapasite` > 0))
) ENGINE=InnoDB AUTO_INCREMENT=14 DEFAULT CHARSET=utf8mb4 COLLATE=utf8mb4_0900_ai_ci;
/*!40101 SET character_set_client = @saved_cs_client */;

--
-- Dumping data for table `salon`
--

LOCK TABLES `salon` WRITE;
/*!40000 ALTER TABLE `salon` DISABLE KEYS */;
INSERT INTO `salon` VALUES (1,'Salon A',500,1),(7,'Salon A',500,1),(8,'Genel İzleyici',200,2),(9,'Genel İzleyici',200,1),(10,'Salon A',100,5),(11,'Salon B',100,5),(12,'Salon A',200,2),(13,'Etkinlik Alanı',400,4);
/*!40000 ALTER TABLE `salon` ENABLE KEYS */;
UNLOCK TABLES;

--
-- Table structure for table `siparis`
--

DROP TABLE IF EXISTS `siparis`;
/*!40101 SET @saved_cs_client     = @@character_set_client */;
/*!50503 SET character_set_client = utf8mb4 */;
CREATE TABLE `siparis` (
  `SiparisID` int NOT NULL AUTO_INCREMENT,
  `SiparisTarihi` datetime DEFAULT CURRENT_TIMESTAMP,
  `ToplamTutar` decimal(10,2) NOT NULL,
  `MusteriID` int NOT NULL,
  PRIMARY KEY (`SiparisID`),
  KEY `MusteriID` (`MusteriID`),
  CONSTRAINT `siparis_ibfk_1` FOREIGN KEY (`MusteriID`) REFERENCES `musteri` (`MusteriID`) ON DELETE CASCADE ON UPDATE CASCADE
) ENGINE=InnoDB DEFAULT CHARSET=utf8mb4 COLLATE=utf8mb4_0900_ai_ci;
/*!40101 SET character_set_client = @saved_cs_client */;

--
-- Dumping data for table `siparis`
--

LOCK TABLES `siparis` WRITE;
/*!40000 ALTER TABLE `siparis` DISABLE KEYS */;
/*!40000 ALTER TABLE `siparis` ENABLE KEYS */;
UNLOCK TABLES;

--
-- Table structure for table `siparisdetay`
--

DROP TABLE IF EXISTS `siparisdetay`;
/*!40101 SET @saved_cs_client     = @@character_set_client */;
/*!50503 SET character_set_client = utf8mb4 */;
CREATE TABLE `siparisdetay` (
  `SiparisDetayID` int NOT NULL AUTO_INCREMENT,
  `Adet` int DEFAULT '1',
  `BiletID` int NOT NULL,
  `SiparisID` int NOT NULL,
  PRIMARY KEY (`SiparisDetayID`),
  KEY `BiletID` (`BiletID`),
  KEY `SiparisID` (`SiparisID`),
  CONSTRAINT `siparisdetay_ibfk_1` FOREIGN KEY (`BiletID`) REFERENCES `bilet` (`BiletID`) ON DELETE CASCADE ON UPDATE CASCADE,
  CONSTRAINT `siparisdetay_ibfk_2` FOREIGN KEY (`SiparisID`) REFERENCES `siparis` (`SiparisID`) ON DELETE CASCADE ON UPDATE CASCADE
) ENGINE=InnoDB DEFAULT CHARSET=utf8mb4 COLLATE=utf8mb4_0900_ai_ci;
/*!40101 SET character_set_client = @saved_cs_client */;

--
-- Dumping data for table `siparisdetay`
--

LOCK TABLES `siparisdetay` WRITE;
/*!40000 ALTER TABLE `siparisdetay` DISABLE KEYS */;
/*!40000 ALTER TABLE `siparisdetay` ENABLE KEYS */;
UNLOCK TABLES;

--
-- Table structure for table `sponsor`
--

DROP TABLE IF EXISTS `sponsor`;
/*!40101 SET @saved_cs_client     = @@character_set_client */;
/*!50503 SET character_set_client = utf8mb4 */;
CREATE TABLE `sponsor` (
  `SponsorID` int NOT NULL AUTO_INCREMENT,
  `SponsorAdi` varchar(150) NOT NULL,
  `Telefon` varchar(20) DEFAULT NULL,
  `Mail` varchar(150) DEFAULT NULL,
  PRIMARY KEY (`SponsorID`)
) ENGINE=InnoDB DEFAULT CHARSET=utf8mb4 COLLATE=utf8mb4_0900_ai_ci;
/*!40101 SET character_set_client = @saved_cs_client */;

--
-- Dumping data for table `sponsor`
--

LOCK TABLES `sponsor` WRITE;
/*!40000 ALTER TABLE `sponsor` DISABLE KEYS */;
/*!40000 ALTER TABLE `sponsor` ENABLE KEYS */;
UNLOCK TABLES;
/*!40103 SET TIME_ZONE=@OLD_TIME_ZONE */;

/*!40101 SET SQL_MODE=@OLD_SQL_MODE */;
/*!40014 SET FOREIGN_KEY_CHECKS=@OLD_FOREIGN_KEY_CHECKS */;
/*!40014 SET UNIQUE_CHECKS=@OLD_UNIQUE_CHECKS */;
/*!40101 SET CHARACTER_SET_CLIENT=@OLD_CHARACTER_SET_CLIENT */;
/*!40101 SET CHARACTER_SET_RESULTS=@OLD_CHARACTER_SET_RESULTS */;
/*!40101 SET COLLATION_CONNECTION=@OLD_COLLATION_CONNECTION */;
/*!40111 SET SQL_NOTES=@OLD_SQL_NOTES */;

-- Dump completed on 2026-06-01  3:47:25
